text_id,cohesion,syntax,vocabulary,phraseology,grammar,conventions
0000C359D63E,2.95208961544367,2.4694112318105037,3.0861321397364345,2.8804259413991455,2.6677318833983112,2.6158018309096374
000BAD50D026,2.704624997043904,2.2351708517899795,2.7084392612352244,2.3524648209453924,2.1905366804678117,2.5617658448211116
00367BB2546B,3.6803180505897384,2.951958295376024,3.4917194262572617,3.3504506317161606,3.373783807641765,3.1023206915977033
